prompt,target_token,loss,perplexity
The Greek Prime Minister has asked for forgiveness from the families of the victims of the train crash,Mitsotakis,13.1171875,10000.0
The leader of the DUP is,Donaldson,13.8359375,10000.0
The iconic festival is,Glastonbury,10.828125,10000.0
The US soldier who crossed the border without authorization is,King,18.8125,10000.0
The report was carried out by the Northern Ireland Human Rights Commission,NIHRC,20.828125,10000.0
The iconic festival is,Glastonbury,10.828125,10000.0
"Catherine, Princess of Wales, played the piano",piano,11.1015625,10000.0
The pop star has said she is,Madonna,14.078125,10000.0
The footballer who died after falling from a hotel balcony in Ibiza is,McKenna,13.7109375,10000.0
British American Tobacco is to pay,$635m,0.1785888671875,1.1955291218634807
HS2's Birmingham to Crewe leg will be delayed,delayed,23.90625,10000.0
The CEO of Buzzfeed has announced,Peretti,22.84375,10000.0
The former BBC Radio 1 DJ is,Westwood,14.5703125,10000.0
"The cancer campaigner, blogger, broadcaster and former teacher, Dame Deborah James, has died aged",40,0.002620697021484375,1.0026241340497377
The commissioner for older people in Northern Ireland is,Lynch,9.09375,8899.49666832322
The Coronation Ceremony was held in,Westminster,2.5703125,13.069908149118522
The Chinese-owned video streaming app is,TikTok,7.57421875,1947.3383101792642
"Two Greek air force pilots have died after a plane crashed while fighting wildfires on the Greek island of Evia, officials say.",Moulas,18.03125,10000.0
The Russian pro-war writer who was injured in a car bombing is,Prilepin,16.46875,10000.0
The UK competition watchdog is investigating the AI market to ensure its benefits are accessible to everyone and prevent any single firm from dominating,CMA,16.75,10000.0
The upcoming County Championship campaign begins on,Friday,2.19921875,9.01796546113613
The Duke of Sussex appeared at the High Court,Sussex,26.515625,10000.0
Counting is continuing in local elections in Northern Ireland,elections,7.265625,1430.2792730137226
The former member of the 'Manson family' has been released on parole,Van,21.90625,10000.0
A man who was trapped under a fallen tree branch was saved by his dog,Myers,18.046875,10000.0
The current Prime Minister of Greece is,Mitsotakis,11.46875,10000.0
The Chief Inspector of Constabulary has warned that,Cox,12.1484375,10000.0
The Royal College of Nursing and the Royal College of Midwives have voted to accept a new pay offer from the Scottish government,Mitsotakis,14.1953125,10000.0
Jason is up for adoption,adoption,15.1640625,10000.0
Oil prices have risen after Saudi Arabia said it would make cuts of a million barrels per day in July,Saudi,39.9375,10000.0
The crossing is part of the Strathspey Railway,Strathspey,20.90625,10000.0
The British tennis player who led Stefanos Tsitsipas in a Centre Court match at Wimbledon is,Murray,13.4609375,10000.0
The Russian city of Belgorod has experienced an undetonated explosive,Belgorod,28.40625,10000.0
The US President's call for a ceasefire in Gaza is the lead in the Guardian and the Telegraph,Biden,27.34375,10000.0
The Concert for Yes took place in front of,2000,1.00390625,2.728920882726075
A lorry crashed into a barrier on the M1 in Leicestershire,lorry,19.984375,10000.0
The conwoman who vanished in 2020 is,Caddick,9.8359375,10000.0
The Scottish finance secretary who finished second in the SNP leadership race is,Forbes,15.6640625,10000.0
The Iranian Revolutionary Guards have reported,casualties,15.75,10000.0
The Euclid telescope,telescope,27.34375,10000.0
The leader of a prominent anti-monarchy group is,Turnbull,18.84375,10000.0
The match between Manchester City and Arsenal ended with a score of,4,0.0159454345703125,1.016073241420434
The Australian tennis player Nick Kyrgios has withdrawn from Wimbledon 2023 due to a wrist injury,Kyrgios,12.0546875,10000.0
The jailed Russian opposition leader is facing a new trial on charges of extremism,Navalny,23.390625,10000.0
The page will be closed,closed,19.453125,10000.0
The UK has banned the use of cluster bombs under an existing convention,Mitsotakis,20.796875,10000.0
The Prime Minister of the United Kingdom is,Sunak,13.9765625,10000.0
Violence has erupted across France,France,16.140625,10000.0
The guitarist who wrote the song and shared the Queen's moniker has been knighted,May,14.1328125,10000.0
The director of Dr Strangelove is,Kubrick,18.421875,10000.0
The former police officer was sentenced to,36,4.5234375,92.1518260518184
The DUP withdrew from the Stormont executive in February 2022,DUP,13.0546875,10000.0
Japan's Prime Minister has been evacuated from a public event,Kishida,21.015625,10000.0
The Ukrainian tennis player is,Svitolina,7.64453125,2089.1890389111236
Ukraine's President is,Zelensky,10.1953125,10000.0
The British tennis player who led Stefanos Tsitsipas in a Centre Court thriller at Wimbledon is,Murray,13.546875,10000.0
The actress known for starring in To The Manor Born is,Thorne,14.09375,10000.0
The media expert who drew up the UK's broadcasting rules is,Banatvala,16.8125,10000.0
A teenage boy has been charged after a teacher was stabbed in a corridor at a school.,charged,28.296875,10000.0
The local government elections in Northern Ireland are,Nominations,15.6796875,10000.0
The current Prime Minister of Greece is,Mitsotakis,11.46875,10000.0
The US President spoke of threats to democracy during a speech,Biden,9.90625,10000.0
The band member who spoke out against the show in Dubai is,Watkins,11.75,10000.0
The UK will offer,water,13.0859375,10000.0
The prime suspect in the disappearance of Madeleine McCann is,Brueckner,11.0078125,10000.0
"Erin Harvey, a mum who lost her youngest son in a caravan fire, has been diagnosed with terminal cancer and has been given months to live",Harvey,20.125,10000.0
"Aimee, a 24-year-old woman, participated in a study",Aimee,12.0859375,10000.0
The programme for new and expectant dads is run by,Dads,6.31640625,553.5799853394149
A five-month-old baby was taken to hospital after a dog attack,dog,16.609375,10000.0
Gene-edited food can now be,developed,11.0390625,10000.0
The strike is being led by teachers from,St,11.375,10000.0
The former Prime Minister of the UK has not handed over any messages from before April 2021,Johnson,18.953125,10000.0
Millions without power in Ukraine,power,13.8984375,10000.0
The Women's Ashes were retained by,Australia,1.84375,6.320194607432744
The US Secretary of State has met with China's President,Blinken,15.7734375,10000.0
The NHS Confederation warns that,could,10.5234375,10000.0
The IDF's drone operators mistook an aid worker carrying a bag for a gunman,Har-Even,15.6328125,10000.0
The house in south east London has sold for,£1.5m,3.6953125,40.25815129472595
The government's expenditure on Queen Elizabeth II's funeral and events during the national mourning period was,£162m,2.0625,7.865609273944892
The current Prime Minister of the UK is,Sunak,10.0859375,10000.0
Director Shekhar Kapur has said Hollywood's push for more diverse casts has come from its guilt over,ethnic,11.1796875,10000.0
The mother of the teenager who died in the accident said,Frendo,10.296875,10000.0
"Emma, a woman from north Wales, has been on long-term sick leave and has lost her self-esteem and confidence",Emma,17.34375,10000.0
The state governor of Alaska has declared,a,0.0131072998046875,1.013193577000366
The head of the UK's second largest union is,Graham,15.046875,10000.0
A large tree has fallen in Killyleagh,Killyleagh,16.484375,10000.0
The current Welsh Labour leader is,Drakeford,16.65625,10000.0
The UK's largest ever crackdown on organised crime was carried out by,Dorset,10.3359375,10000.0
Storm Noa caused,power,8.9140625,7435.807790500043
The ECB chief executive is,Gould,9.3515625,10000.0
The longest battle of the war that Russia launched last year is for the city of,Bakhmut,7.21484375,1359.4612356710688
Police have charged 24 people after animal rights protesters tried to disrupt the Scottish Grand National,Scottish,17.640625,10000.0
The home of the former first minister was searched for two days at the start of March,Sturgeon,14.359375,10000.0
The Iranian TV host who was stabbed in London is,Zeraati,8.9375,7612.142890638241
Yesterday's knife attack,attack,14.734375,10000.0
Eleanor Williams was found guilty of,eight,9.5,10000.0
The former Prime Minister of the UK is,Johnson,14.9140625,10000.0
The Prime Minister of the UK has spoken to leaders at the England and Wales Cricket Board,Sunak,19.40625,10000.0
The publisher of the Mirror newspapers has made a court apology to the former Coronation Street actor,Sanderson,8.2890625,3980.1011001356896
Jeremy Sarmiento scored in the final seconds,goal,14.046875,10000.0
The EU has suspended all security cooperation with Niger after the country's army took power in a coup,Niger,19.796875,10000.0
The Bank of England is,raising,3.34375,28.325147094540903
The water company that has defaulted on its debt is,Thames,10.7734375,10000.0
The new leader of the SNP is,Yousaf,9.9375,10000.0
The artwork has been unveiled in a park in east Belfast,Orangefield,20.96875,10000.0
The mayor of a small town in Mexico has,Sosa,12.265625,10000.0
The actor who plays Willy Wonka in the movie is,Chalamet,14.9765625,10000.0
The Orkney councillors have voted to,investigate,17.953125,10000.0
Chinese authorities have warned of,natural,13.796875,10000.0
The former Prime Minister of the UK has not handed over any messages from before April 2021,Johnson,18.953125,10000.0
A missing 17-year-old boy was found dead in a quarry,Burwell,21.578125,10000.0
A 17-year-old boy was pulled from the water near Bournemouth Pier,Abbess,19.625,10000.0
The UK Health and Security Agency has stated that,UKHSA,4.4765625,87.93188669987823
The previous title-holder of the world's oldest man is,Pérez,18.046875,10000.0
The first Coronation in 70 years was,a,7.63671875,2072.9308408242946
The former President of the United States is,Trump,9.8359375,10000.0
The accused man in the fire case is,Allen,10.90625,10000.0
The commemorations of Victory Day in Berlin were attended by,Russian,3.45703125,31.72265993608251
A woman has been arrested on suspicion of causing death by dangerous driving,woman,18.546875,10000.0
Reality TV contestant Stephen Bear has been jailed for,21,4.76171875,116.94675549762589
The oil and gas company has reported a profit of,$9.6bn,0.494873046875,1.6402899858985132
The Broadcasting Press Guild has announced,award,10.859375,10000.0
A Romanian man has pleaded guilty to the manslaughter of,39,11.9765625,10000.0
A selection of pictures of Scotland sent in between 16 and 23 June,Scotland,10.0546875,10000.0
The current Prime Minister of the UK is,Sunak,10.0859375,10000.0
Operation Beech,Beech,14.703125,10000.0
The Russian President has visited,Putin,11.7890625,10000.0
Wrexham beat Manchester United 3-1,Mullin,11.734375,10000.0
The political party that has been protesting against post-Brexit trade arrangements is,DUP,14.0625,10000.0
Police in major US cities are preparing for potential unrest,unrest,7.7734375,2376.626917866444
The comedy festival in Melbourne has decided to rename its award,Barry,13.90625,10000.0
The Emmy-award winning actor was charged with,involuntary,9.078125,8761.522761105713
Sinéad O'Connor recorded Nothing Compares 2 U,O'Connor,8.96875,7853.778244357167
The actor Hugh Grant is,Grant,15.015625,10000.0
The US superstar singer will be performing in Cardiff next June,Swift,18.109375,10000.0
The Swedish climate activist arrested by Dutch police is,Thunberg,10.25,10000.0
The brother of television presenter Phillip Schofield has been found guilty of,sexual,7.34375,1546.5006307786239
The mother of Gogglebox star George Gilbey is,McGarry,25.109375,10000.0
Shares in regional banks in the US have dropped sharply,US,11.703125,10000.0
Police have arrested a group of protesters in Piccadilly,Piccadilly,24.53125,10000.0
The American pop star who entered the Forbes World's Billionaires List for the first time is,Swift,18.671875,10000.0
The care home industry in Scotland is facing,closures,12.859375,10000.0
Activists on both sides of the abortion debate gathered outside the,Supreme,2.056640625,7.819656478407973
The UK Prime Minister has announced,Sunak,14.9375,10000.0
The number of people living with major illnesses in England will rise,nine,15.6015625,10000.0
The family of a teenager who fell ill on holiday in Spain has booked a medical flight,Duthie,27.75,10000.0
The UK has evacuated,536,5.01953125,151.3403463773431
The film 'Barbenheimer' has had a successful opening weekend with,£30m,6.91015625,1002.4038556569602
Protesters in Tehran have condemned the strike on their consulate in Damascus,Razavi,25.015625,10000.0
People use boats on Chidorigafuchi to view,cherry,9.1484375,9399.741801920047
The manager of Leicester City has been sacked,Rodgers,17.25,10000.0
"What do the Pope's crazy puffa jacket, a student avoiding a parking ticket, a dry government document and Elon Musk warning the robots might come for us have in common?",AI,30.796875,10000.0
"The siblings who died in the crash in Strabane, County Tyrone, are",McKane,20.140625,10000.0
The late soul star behind hits like The Best and What's Love Got to Do With It is,Turner,18.0625,10000.0
The President of Ukraine has condemned the shelling in Slovyansk,Zelensky,25.46875,10000.0
The comedian known for his prank interviews and spoof character is,Ali,12.5234375,10000.0
The NHS trust was accused of lying,trust,19.609375,10000.0
The Danish far-right politician who threatened to burn a copy of the Quran in Wakefield is,Paludan,16.140625,10000.0
The current Prime Minister of the UK is,Sunak,10.0859375,10000.0
The whales stranded on Lewis will be moved to a landfill in Stornoway for post-mortem examinations,Stornoway,15.2265625,10000.0
"The actor who played Fezco 'Fez' O'Neill on Euphoria has died, aged 25.",Cloud,18.859375,10000.0
The royal couple met,Charles,8.2421875,3797.839000980775
A humpback whale has been rescued off Australia's Gold Coast,whale,14.0546875,10000.0
Kyogo Furuhashi's performance against Rangers,Furuhashi,12.578125,10000.0
The guitarist of Irish rock band The Script is,Sheehan,12.0625,10000.0
Three people have been arrested by detectives investigating the murder of a woman outside a Merseyside pub on Christmas Eve,Edwards,29.609375,10000.0
British Airways is cancelling,flights,3.7578125,42.854578979512624
The Welsh rugby legend JPR Williams has called on the sport's chiefs to pay more attention to the links between concussion and the impact on players,Williams,24.765625,10000.0
The government has announced a ban on fees for disposing of DIY waste in England,DIY,29.671875,10000.0
Romy Ulvestad died at her parents' London home,home,18.015625,10000.0
The tennis player who will play Casper Ruud first on Centre Court is,Broady,11.8125,10000.0
The missing British rugby player was last seen in Barcelona,Davis,24.0,10000.0
The current Premier of Alberta is,Smith,14.171875,10000.0
A 13-year-old boy died after being hit by a car in Glasgow,Lushaku,17.5,10000.0
"The closing speeches of the Agreement 25 conference hailed the renewal of relationships between London, Dublin and Brussels.",Sunak,16.625,10000.0
"The price of milk has been reduced by at least 5p by Aldi, Lidl, Asda, Sainsbury's, and Tesco",milk,6.8828125,975.3657218509629
The Duke of Sussex has blamed alleged illegal intrusion into his private life by journalists for the break-up of his relationship with,Davy,19.953125,10000.0
The singer is,Pink,11.7578125,10000.0
The owner and chairman of Millwall is,Berylson,17.703125,10000.0
A US policeman saved a driver from a fiery crash,crash,21.453125,10000.0
The British-born pensioner with Alzheimer's is,Poole,15.9375,10000.0
The US Supreme Court has struck down,student,23.0,10000.0
The former BBC Radio 1 DJ has been questioned under caution for alleged sex offences,Westwood,23.234375,10000.0
The actor who was found not guilty of causing grievous bodily harm is,Tompkinson,7.14453125,1267.1572060351664
The Mayor of Amory is,Glenn,11.2578125,10000.0
The French striker who has signed for Chelsea is,Nkunku,6.234375,509.98178020909006
The BBC presenter who tweeted about the government's asylum policy is,Lineker,16.515625,10000.0
"The local authority in Llanelli, Carmarthenshire, is",Carmarthenshire,13.625,10000.0
The football club that won the Europa Conference League final is,West,11.546875,10000.0
The former NHS chief executive is,Gilby,14.6484375,10000.0
The US President is,Biden,12.6796875,10000.0
The Health Secretary of the UK is,Barclay,13.375,10000.0
The UK Prime Minister has urged all sides in Russia to,Sunak,17.453125,10000.0
The 17-year-old boy who was stabbed and later pronounced dead at the scene of a birthday party in north-west London has yet to be formally identified,has,16.53125,10000.0
The National League promotion final was won by,Notts,5.265625,193.56725052076862
The actor and former governor of California is,Schwarzenegger,15.296875,10000.0
The Lisburn man who has broken the world record for the longest drumming marathon is,Brown,20.015625,10000.0
"The killing of foreign aid workers in Gaza might finally exhaust the considerable patience of Israel's allies, led by the United States.",Israel's,6.94140625,1034.2235697257508
The former president is,Trump,10.3515625,10000.0
The chair of a major review into women's football is,Carney,9.890625,10000.0
The remains of British World War Two aircraft were found in a forest outside Kyiv,Hurricane,15.09375,10000.0
The founder of Help for Heroes is,Parry,14.0390625,10000.0
"A man has been rescued after falling into a well in Bordon, Hampshire",man,22.625,10000.0
The Swedish Space Corporation is conducting experiments in,zero,3.3359375,28.1047190510635
The director of the National Human Genome Research Institute is,Green,19.5,10000.0
The Grenfell Tower fire occurred in,June,4.9921875,147.25819873544805
"Noel Hanna, a mountaineer from Dromara in County Down, died while",making,8.3828125,4371.285895201858
GPs in England may start offering weight-loss jabs to some patients to reduce obesity-related illnesses and resultant pressure on hospitals.,Mitsotakis,15.703125,10000.0
Pupils were allowed to leave the school after being locked down for the morning,morning,14.734375,10000.0
The ex-health secretary is,Hancock,18.375,10000.0
The government is considering reclassifying a dangerous street drug from Class B to A,monkey,23.609375,10000.0
The Brazilian forward scored twice in the Copa del Rey final,Rodrygo,18.046875,10000.0
The Greek islands of Rhodes and Corfu are experiencing,fires,11.0625,10000.0
The child killer who murdered a seven-year-old girl in 1992 has been jailed for at least 29 years.,Boyd,15.3203125,10000.0
The sentencing of Stephen Boden and Shannon Marsden,Boden,7.16015625,1287.112028449327
"The young son of the murdered soldier raised more than £50,000 for the charity",Rigby,8.6328125,5612.8421930478125
The UK Chancellor has expressed concerns about pay rises,Hunt,9.9453125,10000.0
The weather conditions in Spain include,hail,7.328125,1522.524360828172
A truck carrying live salmon crashed in Oregon,salmon,21.5625,10000.0
The mausoleum features a mosaic,mosaic,4.33203125,76.09870517958821
The new head of the probation service in England and Wales is,Kim,25.75,10000.0
The artist who won a fan poll with more than one million votes is,Michael,8.765625,6410.066985396673
The chief executive of NatWest is,Rose,12.40625,10000.0
People have used the relative lull in fighting to go outside their homes,outside,14.6953125,10000.0
NHS doctor,Babiker,12.3984375,10000.0
The parents of missing student Jack O'Sullivan,O'Sullivan,10.46875,10000.0
The chancellor has praised a Tory MP for apologising after he admitted he gave other MPs' personal phone numbers to someone on a dating app.,Wragg,87.5625,10000.0
Sir Elton John will be headlining the,Pyramid,12.65625,10000.0
A young girl has died after being pulled from the sea at Cleethorpes beach,girl,21.90625,10000.0
The owner of British Airways has,posted,9.5859375,10000.0
The US President is visiting,Biden,7.3671875,1583.1748363626543
Dominic Calvert-Lewin scored a late penalty for Everton,Calvert-Lewin,19.921875,10000.0
The Brazilian President has pledged to end deforestation by,2030,9.489059448242188e-05,1.0000948950967372
The head of Ukraine's military intelligence has warned of a swift response to a series of Russian missile strikes on Kyiv,Budanov,28.671875,10000.0
Harvey Borrington died from head injuries,injuries,16.359375,10000.0
The Israeli Prime Minister is,Netanyahu,8.375,4337.2682784832705
The RMT union is,rejecting,7.609375,2017.01706801857
A 16-year-old boy has been charged with,two,5.51171875,247.5762833312724
The current Prime Minister of the UK is,Sunak,10.0859375,10000.0
The President of France has,Macron,12.515625,10000.0
The top court in Florida has,upheld,9.1015625,8969.296285781338
The South African deputy minister is,Bapela,12.3828125,10000.0
The University of Oxford academics have warned,remain,16.625,10000.0
The National Grid ESO has announced,ESO,12.75,10000.0
A member of Wimbledon security was booed,security,18.640625,10000.0
The independent council advising on drug misuse has,ACMD,15.4453125,10000.0
The Stradey Park Hotel in Llanelli is set to house,asylum,14.0078125,10000.0
The Welsh Rugby Union was informed about,unfavourable,8.921875,7494.127553809398
The impact of the earthquake in Taiwan,Taiwan,14.9140625,10000.0
The US Army Colonel is,Pinchasin,16.171875,10000.0
Healthcare workers are,care,12.3359375,10000.0
The Human Fertilisation and Embryology Authority reported a dramatic increase in the number of women freezing their eggs,HFEA,16.40625,10000.0
The UK's Competition and Markets Authority has,recommended,6.2421875,513.9816168847873
A senior Conservative MP has been criticised for saying Afghanistan has been,transformed,2.48046875,11.946863197656471
The drill rapper who was jailed for firearm offences is,Rack5,9.8203125,10000.0
The military of Israel has announced a reduction in the number of soldiers in southern Gaza,Khan,15.09375,10000.0
Passengers flying into the UK faced hours of delays at airports across the country where passport e-gates were not working.,UK,13.578125,10000.0
A significant percentage of UK school pupils face challenges in accessing free period products,difficulty,27.140625,10000.0
The BBC News programme that explores financial choices is,My,21.609375,10000.0
The campaign group is,calling,0.43212890625,1.5405336867828523
The Love Island star who left the villa as a finalist in 2019 is,Hague,9.640625,10000.0
The coastguard team rescued a dog from a cliff,dog,19.21875,10000.0
A fire spread through three floors in a five-storey block of flats in south London,Whitehorse,16.578125,10000.0
The late Queen of the United Kingdom is,Elizabeth,7.89453125,2682.5718262273176
The governor of the Bank of England has emphasized the importance of persisting with measures to tackle inflation,Bailey,33.03125,10000.0
The former president of the United States is,Trump,10.3203125,10000.0
A selection of pictures of Scotland,Scotland,11.65625,10000.0
The man wanted in connection with the fatal stabbing is,Masum,14.75,10000.0
The BBC's director general who took over in 2020 is,Davie,11.671875,10000.0
Israel's military said the strike on World Central Kitchen's convoy was a,mistake,8.8984375,7320.526276004351
A man was fatally stabbed in London,stabbed,13.7890625,10000.0
The UK's Prime Minister is,Sunak,14.7734375,10000.0
"The UK has reported its first death linked to the 'zombie' drug xylazine, which is also causing overdose warnings in the US.",xylazine,24.21875,10000.0
James Gallagher wired up for the heatwave experiment,heatwave,21.703125,10000.0
The current monarch of the UK is,Charles,6.359375,577.8850653361966
The Russian defence ministry has reported,an,5.84375,345.0709334152821
The teenager who helped jail her paternal grandfather after he sexually abused her as a small child is,Poppy,15.6875,10000.0
A teenager was found with a gunshot injury on Norman Road,McDermott,22.234375,10000.0
The singer who could not finish the song is,Thornton,10.6953125,10000.0
The school shooting in Belgrade,shooting,14.84375,10000.0
Melody Powell is,Powell,15.3203125,10000.0
The BBC News presenter who joined the BBC in 1984 is,Edwards,17.765625,10000.0
Protesters in Paris have attacked one of French President's favourite restaurants,Macron,11.4140625,10000.0
Russia's withdrawal from the grain deal,grain,17.296875,10000.0
The stepfather of a five-year-old girl has pleaded guilty to her murder.,Abdul,29.671875,10000.0
The UK Prime Minister has said that China,represents,10.703125,10000.0
The Secretary of State for Northern Ireland is,Heaton,13.2421875,10000.0
The landlord of the pub is,Ryley,6.8125,909.1408202993323
The US's second-largest bank has been ordered to pay out,$150m,2.6328125,13.912844803302042
"Senior civil servant Sue Gray, who investigated lockdown gatherings in Downing Street, has been offered a job as",Starmer's,14.875,10000.0
Sir Keir Starmer said politicians writing books about,Covid,18.1875,10000.0
Frontline staff vacancies,staff,14.03125,10000.0
"The debate was focused on policy rather than personality, as summarized by Humza Yousaf's statement",Yousaf,11.8671875,10000.0
The President of Ukraine is,Zelensky,8.9140625,7435.807790500043
A relative of US President Joe Biden,Blewitts,25.375,10000.0
The BBC chairman has resigned,Sharp,15.703125,10000.0
The NHS in England has,reached,7.30078125,1481.4568637723241
The newly formed business council is,The,12.0234375,10000.0
"A safety investigation has warned that young people with complex mental health needs are being put at significant risk, by being placed on general children's wards in England.",HSIB,11.25,10000.0
The Ukrainian soldier who was killed in Bakhmut was,Kuzin,8.5859375,5355.81143563934
More than a quarter of patients on antidepressants in England have been taking them for five years,England,32.75,10000.0
The Irish delegation raised concerns at a meeting of the British Irish Intergovernmental Conference,Irish,18.5,10000.0
The hacker who stole music from Ed Sheeran and sold it online is,Kwiatkowski,20.03125,10000.0
Caerphilly councillor Philippa Leonard expressed concern about,unlicensed,8.7265625,6164.501175517202
The city council of Edinburgh wants to introduce a licensing scheme,Edinburgh,19.78125,10000.0
The UK is sending 14 Challenger 2 tanks to Kyiv to aid Ukrainians in the fight against Russia,Mitsotakis,15.859375,10000.0
The distributor of the new Winnie the Pooh horror movie has apologised for not releasing it in Hong Kong and Macau,VII,22.171875,10000.0
The Labour Party has ruled out introducing a self-ID system,Labour,19.953125,10000.0
The UK's largest airport is facing potential security delays due to strike action over pay,Heathrow,16.09375,10000.0
The last remnant of the 1958 British Empire and Commonwealth Games in Cardiff is,the,7.79296875,2423.501683641344
The Premier League champion and FA Cup winner is,City,11.1953125,10000.0
The communications regulator in the UK is,Ofcom,12.3671875,10000.0
The former Court of Appeal judge is,Hallett,17.8125,10000.0
The fraudsters posed as employees of banks,banks,17.5,10000.0
The current Prime Minister of the UK is,Sunak,10.0859375,10000.0
The current chairman of Tesco is,Allan,13.4375,10000.0
A man has been sentenced to,17,6.9609375,1054.621801869522
The Iraqi Culture Minister is,Badrani,13.484375,10000.0
"The Acropolis, Greece's most popular tourist attraction, was closed during the hottest hours of the day to protect visitors",Acropolis,23.125,10000.0
Germany's three remaining nuclear power plants were,shut,6.8828125,975.3657218509629
"More than a quarter of patients on antidepressants in England have been taking them for five years, the BBC has found.",England,13.6875,10000.0
The stepfather of a five-year-old girl has pleaded guilty to her murder,Abdul,52.9375,10000.0
The Spanish-speaking community was prominent in,Graber,7.703125,2215.2598735520546
The Wagner Group's leader is,Prigozhin,11.21875,10000.0
The UK police are carrying out checks on addresses,addresses,20.234375,10000.0
The chairman of Northern Ireland's Police Federation has said,Caldwell,18.34375,10000.0
US actress Melissa Joan Hart has said she helped children flee after the Nashville school shooting,Hart,17.03125,10000.0
The boy was attacked near the school,school,18.546875,10000.0
The close associate of the head of the Wagner group is,Malkevich,21.171875,10000.0
Israel has carried out air strikes on Gaza in response to rocket fire from Palestinian militants,Israel,16.03125,10000.0
The woman who was ordered to repaint her door in Edinburgh is,Miranda,18.765625,10000.0
The latest story involves the discovery of a baby's remains in a wooded area,remains,15.5625,10000.0
The Wagner Group's leader has,Prigozhin,15.65625,10000.0
The senior World Bank official is,Anna,15.9921875,10000.0
The former US army captain and retired optometrist is,Sanderson,12.609375,10000.0
"The 2021 US Open champion, ranked 77th, is",Raducanu,13.734375,10000.0
The strike at Heathrow Airport's Terminal Five is,to,8.125,3377.8679316735347
SNP MP Mhairi Black is stepping down at the next general election,Black,21.25,10000.0
The UK Prime Minister is,Sunak,14.5078125,10000.0
The arrivals at Stansted Airport were,relieved,17.5625,10000.0
The Platinum Jubilee will feature,Prince,9.8046875,10000.0
The pro-democracy campaigner who fled Hong Kong is,Law,18.078125,10000.0
JavaScript is disabled,disabled,12.7265625,10000.0
A man who hosted a family fleeing the war in Ukraine has driven a mother and her two daughters,Voichenko,25.71875,10000.0
Mahek Bukhari and her mother are on trial with six others,Bukhari,15.0859375,10000.0
The SNP chief executive has resigned,Murrell,19.9375,10000.0
The leader of one of the UK's largest business groups has been fired,Danker,14.265625,10000.0
The new social network app launched by Meta is,Threads,11.6484375,10000.0
Ireland's Eurovision act has,cut,10.6875,10000.0
The president of the SNP has,Russell,16.03125,10000.0
Mr Webber's parents spoke at a vigil,vigil,21.4375,10000.0
President Zelensky shared a video of the dam collapse on,Zelensky,15.359375,10000.0
Zak Crawley scored an astonishing 189,189,9.0234375,8295.243025289385
The UK Defence Secretary's remarks were,Wallace,19.796875,10000.0
The CEO of Virgin Galactic is,Branson,13.6484375,10000.0
"The shooter who killed six people at a school in Nashville, Tennessee, on Monday bought seven guns legally and hid them at home, police say.",Mitsotakis,10.109375,10000.0
The Prime Minister of the UK has announced,Sunak,13.34375,10000.0
The Met Office has issued a yellow weather warning for wind,Met,21.953125,10000.0
The Duchess of Sussex has won her bid to throw out a US defamation case brought by her half-sister,Markle,20.390625,10000.0
The current Premier League team is,United,10.84375,10000.0
A member of the archaeology team is,examining,7.171875,1302.284097746097
The US Secretary of State is visiting China,Blinken,14.5703125,10000.0
The barrister who led a review into how domestic killers are sentenced is,Clare,19.890625,10000.0
A former Met Police officer who carried out an investigation into Wayne Couzens has been found guilty of gross misconduct,Lee,23.53125,10000.0
The Eurovision Song Contest was held in,Liverpool,1.10546875,3.020640062030063
Mr Cao belongs to a generation that witnessed the birth of Communist China,China,19.0,10000.0
The WHO has declared that Covid-19 no longer represents a,global,3.515625,33.63694444585419
The White House official's response to the issue of Biden's age,Biden,12.46875,10000.0
"The SAS troops conducted night raids in Afghanistan, aiming to kill or capture Taliban targets",Mitsotakis,14.421875,10000.0
Shareholders in Credit Suisse have told the firm they feel,failed,10.390625,10000.0
The father of the 19-year-old who was shot at a party in Alabama is,Martin,13.2578125,10000.0
The Proclaimers' song was removed from,coronation,20.75,10000.0
Adam Peaty wins the 100m breaststroke at the Aquatics GB Swimming Championships,Peaty,9.7109375,10000.0
The former prime minister of the UK is,Johnson,14.53125,10000.0
"David Lawson, a health expert, has commented on the findings of a study",Lawson,16.21875,10000.0
The Los Angeles Police Department and FBI are jointly investigating the,theft,6.4296875,619.980173932736
The age of criminal responsibility in Serbia is,14,0.469970703125,1.5999473190741171
The family of the Rust cinematographer who died on set is,Hutchins,10.2109375,10000.0
Twitter's CEO is,Musk,14.703125,10000.0
"Meta is developing a standalone, text-based social network app",Meta,18.875,10000.0
The suspect in the shooting was,Lester,8.1640625,3512.4268928432866
The main stage at Scotland's biggest festival was headlined by,Sam,9.3828125,10000.0
A man from Wiltshire has been arrested for,possessing,6.05859375,427.7734572673073
The review of the Metropolitan Police was conducted by,Casey,11.9921875,10000.0
Travellers flying into England from mainland China will no longer have to provide proof of a negative pre-departure test,test,19.96875,10000.0
The police in Michigan used a,cowboy,11.4296875,10000.0
The Acropolis is located in,Greece,5.69140625,296.31001375229687
The UK's last opencast coal mine has closed,Ffos,14.5234375,10000.0
The soundtrack of the movie featuring Barbie has,conquered,14.28125,10000.0
The Nepalese men guarding the UK embassy in Kabul are,Nepalese,21.96875,10000.0
Ukrainian President Volodymyr Zelensky says an alleged Russian agent involved in the deadly attack in Kramatorsk will be charged with treason,Zelensky,17.59375,10000.0
Thousands welcome the summer solstice at Stonehenge in Wiltshire,summer,19.4375,10000.0
The managing director of Currys has said,Baldock,14.5859375,10000.0
The emergency alert test message in Welsh was intended to say,eraill,17.53125,10000.0
The Lord Chancellor has asked the Parole Board to reconsider its decision to allow,Pitchfork,7.69921875,2206.623393777401
The French President has awarded the highest honour to an AFP video journalist killed in Ukraine,Macron,19.203125,10000.0
Conservative MP Bob Stewart has been charged with racially abusing a,man,11.0,10000.0
The tropical storm that hit Malawi caused devastation in,Blantyre,8.53125,5070.780350360642
Gary Lineker is not presenting,FA,11.2734375,10000.0
A police officer has appeared in court charged with the rape of a woman while on duty,Sgt,17.25,10000.0
A woman from Falkirk has died while undergoing gastric band surgery in Turkey.,Shannon,23.53125,10000.0
The Secret Garden Party is scheduled to take place from,20-23,0.362060546875,1.4362859019507173
A man has been sentenced to a whole-life prison term for murdering Met Police sergeant,Ratana,20.46875,10000.0
The older brother of Chloe Mitchell has said,Mitchell,11.2109375,10000.0
The leader of the conservative party in Spain is,Feijóo,16.609375,10000.0
The actors are joining,screenwriters,14.234375,10000.0
"The pop singer, whose real name is",Grimes,8.421875,4545.418129182638
The leader of Cambodia is,Hun,10.5859375,10000.0
The more relaxed nature of Sunday's events,Sunday,17.84375,10000.0
The Electoral Commission reported that,prevented,13.1640625,10000.0
"Owain Emanuel is a professional designer in Melbourne, Australia",Emanuel,11.9140625,10000.0
The ongoing battle for Bakhmut has resulted in heavy losses for both Ukraine and Russia.,Bakhmut,6.59765625,733.3743273150056
Amy Jones scored a,92,1.99609375,7.360248899236344
The Republican politician who tried to stall the bill is,Roy,11.1015625,10000.0
A law enforcement agency in Wisconsin responded to an unusual incident involving a bobcat,Sheriff's,18.25,10000.0
"A large funnel cloud caused destruction in the city of Greenwood, Indiana",funnel,14.84375,10000.0
The oldest ship in Scotland is,Unicorn,14.625,10000.0
The BBC Radio 1 DJ and former newsreader are known for writing,James,15.1015625,10000.0
The Prime Minister of the United Kingdom is,Johnson,15.6484375,10000.0
The new augmented reality headset by Apple is,Vision,12.21875,10000.0
"David Boyd, a convicted child abuser, has been found guilty of murdering a seven-year-old girl",Boyd,13.578125,10000.0
The owner and chairman of Millwall is,Berylson,17.703125,10000.0
The former independent member of the health board described the actions of the Health Minister as,Micklewright,14.328125,10000.0
The withdrawal of support will add hundreds of pounds to some household bills,bills,14.078125,10000.0
The national cancer director for England has stated that the NHS is set to miss a key cancer treatment target,Dame,15.6875,10000.0
A woman who lost her job after tweeting gender-critical views is to receive a payout,Forstater,14.5234375,10000.0
The jury in a civil case has found former President Donald Trump,Trump,22.765625,10000.0
The community representative is,Tsifidaris,14.921875,10000.0
The UK Prime Minister is,Sunak,14.5078125,10000.0
The Prince of Wales has met a road crash survivor who he helped save while working as an air ambulance pilot.,William,12.65625,10000.0
The former Prime Minister of the UK is,May,15.6328125,10000.0
Junior doctors in Scotland have voted,in,4.98046875,145.54258875480053
The Ukrainian air force has shot down a drone,Ukrainian,22.3125,10000.0
The number of teams competing in the Women's World Cup is,32,4.2890625,72.89809449073893
"A major blaze near Mudgee, New South Wales, has burned more than 2,000 hectares since Sunday",Mudgee,14.6015625,10000.0
"The Nikolay Zubov LNG tanker, docking in the UK in 2021",Zubov,30.28125,10000.0
Katie Boulter won her first WTA title with a dominant victory in Nottingham over Jodie Burrage in the first all-British tour-level final in 46 years.,Boulter,14.9921875,10000.0
The humanitarian situation in Gaza is,worsening,2.73828125,15.460389702669161
Police were called to an address in Hopyard Close in Leicester,Sinski,29.859375,10000.0
The great-nephew of Dracula author Bram Stoker is visiting Scotland to research an almost-forgotten writer credited with inspiring the story,Dacre,12.1640625,10000.0
People in Ullapool are facing a 100-mile round trip for dental care,round,35.125,10000.0
The Ireland women's rugby team has chosen to swap their traditional white shorts and make a permanent switch to navy because of period concerns.,Ireland,12.1640625,10000.0
The current vacancy rate for physiotherapy positions in Northern Ireland is,12,1.6474609375,5.193775750044662
The government's plan to expand funded childcare,childcare,14.484375,10000.0
European flights during the summer holiday period could be affected by,strike,7.41015625,1652.6845586534514
England took the wicket of,Labuschagne,13.6484375,10000.0
Counter-terror police are involved in an investigation into a man being set alight as he walked home from a mosque,North,21.75,10000.0
The woman who may only have months to live has told the BBC,Mills-Murray,11.8203125,10000.0
The UK has faced criticism from its citizens for,abandoning,8.4921875,4876.521805747295
The government is,scaling,12.046875,10000.0
A Chinese-registered bulk carrier was detained by Malaysia for,anchoring,5.06640625,158.60332124553608
The NHS chief executive has warned that July's planned strikes could be the worst yet for patients,Pritchard,17.546875,10000.0
The former teacher and college president is,McEntee,10.96875,10000.0
The former president of the United States is,Trump,10.3203125,10000.0
The ruins of the village have been preserved,Oradour-sur-Glane,17.046875,10000.0
The Turkish President is,Erdogan,9.40625,10000.0
"The US will support the delivery of advanced fighter jets to Ukraine by allowing Western allies to supply American-made F-16s, and by training Ukrainian pilots to use the jets.",F-16s,13.0625,10000.0
The last of the Ukrainian refugees are due to leave the MS Victoria next month,Victoria,14.390625,10000.0
A manager at Brown's Food Company,assembled,23.640625,10000.0
"Songmi Park, now 21, is among the most recent North Korean escapees to make it to Seoul",Park,9.6015625,10000.0
A man was told he had five minutes to evacuate his house before a missile destroyed it,Nabhan,18.453125,10000.0
An enforcement notice was issued to the opencast mine in Merthyr Tydfil,Ffos-y-Fran,16.828125,10000.0
The US President has said he still plans to visit Northern Ireland,Biden,20.5625,10000.0
"The birthday girl at an Alabama party where four people were shot dead was saved by her brother, she has told the BBC.",Dowdell,21.265625,10000.0
"The owner of Facebook, Meta, has been fined",€1.2bn,5.08203125,161.10096012939127
The last surviving D-Day veteran who transported dynamite to Omaha beach is,Gaines,9.2890625,10000.0
The Justice Secretary has announced new plans for,Raab,23.296875,10000.0
The youngest royal at the Coronation had his sister,Louis,2.580078125,13.198169226352599
The UK's Chief Veterinary Officer announced that,Dr,11.7265625,10000.0
The judge apologises to the jury,Goss,14.453125,10000.0
The UK Defence Secretary has,Wallace,19.5,10000.0
Piers Morgan speaks about phone hacking,hacking,15.625,10000.0
"The CEO of the submersible company, a British billionaire explorer, a French diver and a father and son were all on board the Titan",Mitsotakis,15.0859375,10000.0
The US Pulitzer-Prize-winning author is,McCarthy,13.4375,10000.0
The Grand National race was delayed by animal rights activists,disruption,6.44140625,627.2883040361144
The regional chief of Belgorod has agreed to meet the fighters,Gladkov,24.28125,10000.0
The UK government has yet to impose fines on,companies,4.14453125,63.08804244970428
"The fire on Sackville Close in King's Hedges, Cambridge, was caused by",an,1.4541015625,4.280635853666727
The SDLP leader has dismissed political naysayers and insisted his party is,here,9.8671875,10000.0
The NI commissioner for older people is,Eddie,12.2265625,10000.0
The judge apologises to the jury,Goss,14.453125,10000.0
The parents of a 16-year-old girl who died following 'shocking' neglect have been jailed,Titford,27.484375,10000.0
The Ukrainian mayor of Melitopol is,Fedorov,13.046875,10000.0
The head of Russia's Wagner mercenary group is,Prigozhin,15.953125,10000.0
The equalities minister is,Badenoch,19.3125,10000.0
The football club that won the Europa Conference League final is,West,11.546875,10000.0
The government is committed to ending cross-Channel migrant boats,boats,18.203125,10000.0
The vase is believed to be from the,Ming,4.0859375,59.49769069799599
An avalanche at the Armancette glacier in the French Alps resulted in,deaths,26.125,10000.0
The Duke and Duchess of Sussex's daughter,Diana,12.296875,10000.0
A man has pleaded guilty to being in charge of two dangerously out of control dogs which killed an 85-year-old woman,Darren,22.859375,10000.0
Mexican authorities have found,bags,10.8046875,10000.0
The walkout by British Medical Association members is,the,4.44921875,85.56007407666469
A man has been charged after a protester ran onto the racecourse during the Epsom Derby on Saturday.,Newman,18.8125,10000.0
The mayor of Moscow said,Mitsotakis,14.578125,10000.0
The Ulster Defence Regiment (UDR) was a British Army unit that operated in Northern Ireland for 22 years from 1970.,UDR,28.140625,10000.0
The current President of Turkey is,Erdogan,6.93359375,1026.1751780534337
The 76-year-old singer is,John,11.3359375,10000.0
The Met Office has issued a yellow thunderstorm alert for,England,8.40625,4474.947952880096
Liam Holden was 19 when he was arrested and convicted of a soldier's murder,Holden,14.7109375,10000.0
The Northern Ireland council elections have concluded with,counting,10.2734375,10000.0
Hollywood star Kirsten Dunst,Dunst,12.265625,10000.0
The current King of the United Kingdom is,Charles,2.4609375,11.715789946123383
The victim of a mistaken identity murder was,Kanda,6.1484375,467.98558773246197
The US Secretary of State who visited China is,Blinken,15.1796875,10000.0
The BBC's correspondent who reported on the East Kent Hospitals NHS Trust is,Michael,8.5390625,5110.550973561067
Thousands of children with severe developmental disorders have been diagnosed with,diseases,10.5703125,10000.0
The ICC's chief prosecutor is,Khan,12.8359375,10000.0
The singer of The Specials who passed away in December is,Hall,15.7265625,10000.0
The US soldier who crossed the border from South Korea to the North without authorization is,King,20.28125,10000.0
The Scottish captain of the national women's football team is,Corsie,9.140625,9326.592430879735
The actress who plays a barrister in Prima Facie is,Comer,12.546875,10000.0
The vessel berthed in Glasgow is the,Queen,4.26171875,70.93179276322707
Zlatan Ibrahimovic has retired from football at the age of 41,Ibrahimovic,8.7734375,6460.341763862983
The senior Russian general who was reportedly killed in a missile strike in Ukraine is,Tsokov,14.390625,10000.0
The decline in puffin numbers on Rathlin Island is,down,4.484375,88.62154503481175
The lawyer of PC Bettley-Smith stated that,Bettley-Smith,9.1796875,9698.121636324744
The current British Prime Minister is,Sunak,9.9140625,10000.0
A group of children from Uganda have reached the final of,Britain's,9.5859375,10000.0
The former Italian Prime Minister is,Berlusconi,10.1484375,10000.0
The Labour leader has asked councillors to focus on,easing,14.1640625,10000.0
The UK lifeboat charity has,RNLI,9.046875,8491.959044684598
The US government has leaked classified documents,US,16.46875,10000.0
Michael Peterson saw a rare weather event,tornado,15.4765625,10000.0
The BBC's director general has described,Davie,13.734375,10000.0
The first man to receive a genetically modified kidney transplant from a pig has been discharged from hospital,Slayman,21.5625,10000.0
The union representing senior civil servants has said,FDA,12.6171875,10000.0
The RMT union is,RMT,11.359375,10000.0
Former US President Donald Trump is,Trump,10.0546875,10000.0
"China is pressuring Uyghurs living abroad to spy on human rights campaigners by threatening families back home, researchers say.",China,18.5,10000.0
The number of red squirrels on Anglesey has increased from,40,9.5625,10000.0
Manchester City have been crowned Premier League champions for the third successive season,City,12.9921875,10000.0
"The UN reports that more than 2,000 people have been displaced due to violence in a Palestinian refugee camp in Lebanon",Ein,19.96875,10000.0
The body of a woman was recovered from the sea off Crete,Hanlon,27.6875,10000.0
The horse trainer who worked with Harry Styles on his latest music video is,Cousins-Greenwood,12.90625,10000.0
Oliver Dowden has become deputy prime minister and,Alex,11.03125,10000.0
The current President of Iran is,Raisi,7.8828125,2651.318917809312
A woman who was shot at a house has died,36-year-old,7.5546875,1909.673377742745
The official photographs from the Coronation of King Charles III and Queen Camilla have been released,Charles,17.328125,10000.0
The current Prime Minister of Greece is,Mitsotakis,11.46875,10000.0
Shanshan met her Taiwanese boyfriend,boyfriend,12.6328125,10000.0
"The Welsh government's new policy will not ban foods, but will work with retailers on offers",Mitsotakis,13.9140625,10000.0
The Premier League match between Arsenal and Fulham was,Arsenal,12.9765625,10000.0
The wrestling icon who passed away was,The,3.294921875,26.975306541751994
The Metropolitan Police is reopening an investigation into breaches of Covid regulations at a Christmas gathering at Conservative Party HQ,Conservative,16.46875,10000.0
The Department for Infrastructure has conducted,over,8.53125,5070.780350360642
The current Premier League manager is,Kompany,15.3203125,10000.0
The UK government wants to introduce consistent recycling collection policies across England,England,14.2265625,10000.0
The song uses Artificial Intelligence to clone the voices of Drake and The Weeknd,Heart,18.046875,10000.0
"A 400-year-old hotel in Midhurst, Sussex, has been engulfed by a major blaze",Angel,24.265625,10000.0
Hallie's aunt describes her as,gentle,8.34375,4203.824562345984
Google's earthquake warning system,warning,11.296875,10000.0
The former BBC Ukraine journalist is,Bondarenko,18.234375,10000.0
Ukrainian President Volodymyr Zelensky has stated that an alleged Russian agent involved in the deadly attack in Kramatorsk will be charged with treason,Zelensky,17.28125,10000.0
The shooting of a 17-year-old during a traffic stop in Paris,M,12.0703125,10000.0
The festival known for its eco-consciousness is,Glastonbury,8.0546875,3148.519117974224
A serving member of the UK's armed forces shared,Newsome,16.546875,10000.0
Pop star Bebe Rexha was,Rexha,11.0078125,10000.0
"The UK Prime Minister has promised a clampdown on potholes, as campaigning for the local elections gets under way.",Sunak,11.6328125,10000.0
King Charles and the Queen Consort attended a Royal Maundy Service at,York,6.78125,881.1694978531985
The current Emperor of Japan is,Naruhito,2.43359375,11.399776500625777
The Russian opposition politician Vladimir Kara-Murza told the court,Kara-Murza,25.234375,10000.0
The Premier League season will kick off with Manchester City playing against Burnley,City,3.90625,49.71218131735948
The caver is,Taylor,13.015625,10000.0
The North American Nanohertz Observatory for Gravitational Waves (NANOgrav) Collaboration is chaired by,Dr,2.990234375,19.89034374461794
Footage shows a Ukrainian drone hitting a building in Russia's Tatarstan region,Ukrainian,18.40625,10000.0
A woman charged with murdering her baby and attempting to murder her toddler,woman,19.984375,10000.0
A man in the US witnessed,Addie,24.0625,10000.0
Nasa satellites detected the brightest gamma,ray,1.1396484375,3.1256693038884586
The home secretary has told police leaders to,Braverman,15.9375,10000.0
Cardiff University has acknowledged the impact of AI on assessments and coursework,Cardiff,27.734375,10000.0
Extinction Rebellion demonstrators took part in a rally,outside,3.74609375,42.3553080116137
The former first minister of Scotland is,Sturgeon,12.140625,10000.0
The state of Vermont experienced,flash,5.84765625,346.4215028625498
The fire occurred near the Dubai Creek in one of the oldest parts of the city,Dubai,17.125,10000.0
The popular Tunisian tennis player is,Jabeur,10.1484375,10000.0
The police search for Constance Marten and Mark Gordon began,January,11.1484375,10000.0
The current Prime Minister of Greece is,Mitsotakis,11.46875,10000.0
The trial of Nurse Lucy Letby is hearing about her police interviews following her arrest,Letby,18.015625,10000.0
Harry and Megan Tooze were killed at their farmhouse,farmhouse,15.875,10000.0
The impact of Russia's invasion has been felt globally,Russia's,15.546875,10000.0
The study on cancer evolution is,TracerX,12.765625,10000.0
The troubled banking giant is,Credit,12.828125,10000.0
Director Shekhar Kapur says Hollywood's push for more diverse casts comes from guilt,Kapur,32.90625,10000.0
The actor arriving at Southwark Crown Court in London on Wednesday morning is,Spacey,13.7109375,10000.0
The comedian who passed away was,Humphries,11.375,10000.0
A woman died after a medical team took too long to call for specialist help,Abdelkarim,19.265625,10000.0
Australia's medicines regulator approved the use of psychedelics for therapy sessions,psychedelics,16.109375,10000.0
The current Prime Minister of Spain is,Sánchez,9.8203125,10000.0
The second drug in under a year has been shown to slow Alzheimer's,donanemab,20.875,10000.0
The US drone was on a routine mission,mission,14.9375,10000.0
The US President's son is,Biden,11.671875,10000.0
The Ukrainian capital Kyiv has been attacked from the air by Russia for the ninth time this month,Kyiv,15.4921875,10000.0
The 26-year-old beautician died after being shot at a pub on Christmas Eve,Edwards,23.75,10000.0
The MP who spoke in the Commons while awaiting Covid test results is,Ferrier,11.59375,10000.0
The American actor known for his roles on Freaks and Geeks and the sketch comedy series SCTV has died,Flaherty,17.796875,10000.0
A woman has been arrested on suspicion of causing death by dangerous driving,woman,18.546875,10000.0
Two far-right activists,destroyed,8.5390625,5110.550973561067
NHS England is promising,quicker,8.8828125,7207.032035730754
Adam Price became the leader of Plaid Cymru in,2018,0.4091796875,1.5055822304882398
The head of NATO has warned,Stoltenberg,16.96875,10000.0
Irish singer and activist Sinéad O'Connor has died at the age of 56,O'Connor,7.90234375,2703.611497823697
The council that lost its High Court bid to block government plans to house asylum seekers at a former RAF base is,Braintree,20.1875,10000.0
The new First Minister of Scotland is,Yousaf,7.390625,1620.7187456690447
The head of NATO has warned that an 'alliance of authoritarian powers' is working more closely together against Western democracies,Stoltenberg,16.09375,10000.0
The parents of a 16-year-old girl who died following 'shocking' neglect have been jailed,Titford,27.484375,10000.0
"Children are at most risk of exceeding the safe limits on aspartame, found in diet drinks",Children,25.515625,10000.0
The most valuable athlete at auctions for sportswear memorabilia is,Jordan,8.9453125,7671.845667278888
Laura Mackenzie is taking legal action against Police Scotland,Mackenzie,17.03125,10000.0
Mexican authorities have found,45,10.6484375,10000.0
Protests erupted in the days after Jordan Neely's death on the subway,subway,23.28125,10000.0
Wathig Ali reached the airfield with his wife,Haifa,9.96875,10000.0
The capital of Georgia is,Tbilisi,0.7412109375,2.0984750987350127
A pedestrian was caught between two cars that collided,cars,13.015625,10000.0
Silvio Berlusconi's two eldest children are,Marina,12.390625,10000.0
The fire at the department store was contained in,two,3.541015625,34.501942437892716
A freight train derailed in west London,derailed,17.625,10000.0
"The husband of Janice Hunter, who died at home near Paphos, is",Hunter,15.59375,10000.0
The ghostwriter of Prince Harry's memoir is,Moehringer,18.390625,10000.0
The historic bridge linking Scotland and England over the River Tweed has reopened after a £10.5m overhaul,Union,19.640625,10000.0
The Sinn Féin MP who spoke at the IRA commemoration is,John,8.46875,4763.55729978668
The former BBC Radio 2 presenter now appears on,Bruce,13.4765625,10000.0
The historic criminal indictment against former US President has sparked another partisan flashpoint in an already deeply polarised nation.,Trump,10.8046875,10000.0
A man has been arrested after a stabbing attack at a London hospital,arrested,27.546875,10000.0
The suspect who escaped from an Oregon courtroom is,Villalobos,23.015625,10000.0
The former FAW President is,Pritchard,9.703125,10000.0
"The US President has praised Northern Ireland's young people, saying they are at the 'cutting edge' of its future during his visit to Belfast",Biden,23.21875,10000.0
TV personality Paul O'Grady's funeral was attended by,O'Grady,12.0546875,10000.0
The BBC presenter is accused of paying a teenager,photographs,19.765625,10000.0
"A ceiling panel fell at a subway station in Cambridge, Massachusetts",Cambridge,19.59375,10000.0
"The leader of Belarus has been accused by the EU of orchestrating the border crisis with Poland, Lithuania and Latvia",Lukashenko,14.734375,10000.0
Ukraine has moved its official Christmas Day state holiday from,7,0.96630859375,2.628224685543825
Bryan Kohberger was pulled over for,following,9.546875,10000.0
The partner of the murdered pregnant teacher is,Yates,10.8046875,10000.0
The singer is going to Las Vegas,Minogue,17.234375,10000.0
Dr Stephen Brearey raised concerns about nurse,Letby,15.7421875,10000.0
The SNP's treasurer was reappointed in 2021 after previously having held the role for 16 years,Beattie,15.0078125,10000.0
The investigation into sexual misconduct at Britain's biggest business lobby group has been widened,misconduct,23.453125,10000.0
Protesters gathered on the Royal Mile,Royal,32.40625,10000.0
The former health secretary has been found to have breached Parliament's rules for attempting to influence an inquiry into a Conservative MP,Hancock,19.921875,10000.0
The current Formula 1 World Champion is,Verstappen,6.29296875,540.7563187908823
The Radio 2 presenter who helped Rylan Clark with his Karaoke Challenge is,Bruce,16.015625,10000.0
The Kakhovka dam,dam,19.21875,10000.0
The Duke of Sussex attended his father's Coronation,Sussex,16.5625,10000.0
The personal copy of the debut novel by Virginia Woolf has been,digitised,22.859375,10000.0
Grimsby Town has apologised for posting an inappropriate video of a disabled boy,Price,21.828125,10000.0
"The leader of Belarus, who is 68 years old, was seen in Moscow during the Victory Day parade",Lukashenko,15.9765625,10000.0
Police in Birmingham encountered a,boa,12.234375,10000.0
Tony Johnson died after a fight between football fans,football,14.234375,10000.0
The South Carolina lawyer who was found guilty of murdering his wife and son is,Murdaugh,16.796875,10000.0
The US has accused Russia of,reckless,7.72265625,2258.9519595596075
The president of the Scottish Ice Rink Association is,Ferguson,13.6953125,10000.0
The Israeli military has begun an extensive operation in the occupied West Bank,Jenin,23.453125,10000.0
The families of two students killed in Nottingham are to create foundations in their name,O'Malley-Kumar,15.484375,10000.0
Lisa-Marie Morris from Port Talbot is,Morris,14.203125,10000.0
The bus driver involved in the fatal crash in Australia was,Button,23.359375,10000.0
The flowers were displayed in the fruit and veg aisle,daffodils,19.984375,10000.0
"The Labour leader has claimed his party is on course to win the next general election, expected next year.",Starmer,17.390625,10000.0
The latest episode of a popular children's television programme has been edited,Bluey,27.703125,10000.0
The youth worker who was Tasered in central London in April 2018 is,Afriyie,10.296875,10000.0
The former Scotland international footballer has,Goodwillie,12.8828125,10000.0
The current Labour leader is,Starmer,18.078125,10000.0
The Duke of Sussex is,Harry,20.3125,10000.0
A major multi-agency search is under way for a missing person named Ausra Plungiene who was last seen on Tuesday morning,Plungiene,14.8125,10000.0
Two boys died in a bike crash in Ely,Sullivan,17.328125,10000.0
Kylian Mbappe scored a club record,goal,15.265625,10000.0
Nigel Lawson was a leading figure in the privatisation of,companies,9.953125,10000.0
The US government has ordered all non-emergency staff to leave the island,Mitsotakis,19.125,10000.0
The UK's schools minister has said,Gibb,22.921875,10000.0
Transport for London's website shows,no,4.00390625,54.811841150452466
The airport in West Sussex was,Gatwick,15.2109375,10000.0
The US Coast Guard has opened an investigation into the causes of the Titan submersible disaster,Neubauer,19.09375,10000.0
The first minister of Scotland has expressed concerns about the deposit return scheme,Yousaf,22.09375,10000.0
The latest Hollywood adaptation of the role-playing game Dungeons & Dragons stars,Michelle,6.27734375,532.3726691377844
The UK government has,lost,9.6328125,10000.0
Victor Lee died from stab wounds,wounds,11.5859375,10000.0
Russian forces damaged some 90% of residential buildings in,Mariupol,5.26171875,192.81260332830294
The third inspection report for the A&E department at Glan Clwyd Hospital,Glan,10.6328125,10000.0
The current Prime Minister of Greece is,Mitsotakis,11.46875,10000.0
The actor who starred as Omar Little in the HBO crime drama,Williams,19.515625,10000.0
Twitter has laid off at least 200 staff,staff,14.765625,10000.0
The current Prime Minister of Spain is,Sánchez,9.8203125,10000.0
Prof Michael Clarke from the London-based think tank Royal United Services Institute (Rusi) has been discussing the likelihood of Ukrainian involvement in the alleged Kremlin drone attack,Clarke,25.5625,10000.0
The parents of a cyclist killed in Glasgow say their daughter would still be alive if Scotland had safer road infrastructure for bikes.,Burke,17.09375,10000.0
The current Wales women's football manager is,Wilkinson,10.8203125,10000.0
A woman has been jailed for more than two years for inducing an abortion after the legal limit,Foster,19.078125,10000.0
The Tennessee lawmakers have passed a bill banning the release of airborne chemicals,Mitsotakis,15.9609375,10000.0
Jennifer Lawrence is the producer of,Bread,10.125,10000.0
"In 2016, Saudi Arabia cut ties with Iran after its embassy in Tehran was stormed",Iran,24.734375,10000.0
The Swedish singer who won the Eurovision Song Contest in 2012 is,Loreen,5.58984375,267.6937892911538
The increase in deportation flights to Albania from the UK is due to,a,1.1767578125,3.2438399976907175
The US President is visiting,Biden,7.3671875,1583.1748363626543
The woman with Down's syndrome is,Crowter,16.78125,10000.0
The White House Correspondents' Association has warned,Association,21.421875,10000.0
The Euclid telescope has successfully launched into space,telescope,12.7421875,10000.0
The Orkney councillors have voted to,investigate,17.953125,10000.0
The Strangford Lough Ferry service will be suspended for,seven,6.62109375,750.765798300995
The Labour shadow health secretary is,Streeting,15.9765625,10000.0
The entertainment giant has,Disney,10.2890625,10000.0
The Formula Regional European Championship driver who died was,van,17.09375,10000.0
The Iraqi Culture Minister is,Badrani,13.484375,10000.0
The 52-date tour is currently only scheduled to play in the US,US,15.65625,10000.0
The Maremma sheep dogs' white coat means farmers can easily distinguish them from predators such as wolves,Maremma,26.265625,10000.0
The island fort off the Pembrokeshire coast has been reclaimed by nature,Stack,19.109375,10000.0
Warning have been put in place at some north coast beaches,North,15.1875,10000.0
The Orkney councillors have voted to,investigate,17.953125,10000.0
The cause of the explosion remains unclear,cause,16.90625,10000.0
The UK's first full-sized driverless buses have started operating for passengers in Edinburgh,buses,16.171875,10000.0
Fraudsters are offering to help people illegally pass their UK driving tests,help,29.359375,10000.0
Labour leader Sir Keir Starmer has pledged to improve,children's,10.8828125,10000.0
The British founder of the tech firm is,Mostaque,11.984375,10000.0
The UK's Covid inquiry is on its fourth day of public hearings,Covid,20.390625,10000.0
The maths teacher who was attacked at Tewkesbury Academy is,Sansom,18.328125,10000.0
The co-owner of Wrexham Football Club is,Reynolds,15.34375,10000.0
The Illegal Migration Bill is,set,3.2734375,26.401940203271806
Richard Scorer is a principal lawyer of law firm,Slater,9.2109375,10000.0
The US actor known for roles in Saving Private Ryan and Black Hawk Down has died at 61,Sizemore,17.21875,10000.0
The Labour leader has accused the chancellor of,Starmer,17.4375,10000.0
"Footage of Connor Chapman's attack, which killed Elle Edwards, is released",Chapman,19.25,10000.0
The current Prime Minister of the UK is,Johnson,10.1953125,10000.0
The head of Britain's equality watchdog is,Falkner,15.140625,10000.0
The government has extended a ban on unregulated homes to children in care aged 16 and 17,Mitsotakis,14.8828125,10000.0
The former J-pop star who accused Johnny Kitagawa of sexual abuse is,Okamoto,13.9140625,10000.0
The harbour in Pwllheli resembles,a,1.0810546875,2.9477869061357707
The current President of Russia is,Putin,7.453125,1725.2461242290015
The alleged assault happened on a train from Aberdare to Cardiff Central,Aberdare,14.875,10000.0
The chief inspector of Ofsted is,Spielman,18.515625,10000.0
The UK's highest rollercoaster is,The,10.859375,10000.0
The US Open first round featured record lows,lows,18.390625,10000.0
Missile launch by North Korea,launch,10.4765625,10000.0
The Ukrainian soldier who was killed in Bakhmut was,Kuzin,8.5859375,5355.81143563934
The BBC's director general who took over in 2020 is,Davie,11.671875,10000.0
Captain Sir Tom Moore raised £38m,money,11.4609375,10000.0
A teenager was found with a gunshot injury on Norman Road,McDermott,22.234375,10000.0
The speedboat skipper was convicted of,failing,7.0625,1167.3599206126853
The British pop group confirmed they will be continuing with their tour,S,14.2109375,10000.0
The Cleveland Clinic is using,magnets,11.09375,10000.0
France has seen a quieter night of protests over the death of a teenager shot by police,shooting,14.859375,10000.0
The worst leak of US intelligence in 10 years,US,11.5625,10000.0
The complainants in this case have a legal right to,lifelong,13.7265625,10000.0
Quinten has a severe allergy to,dairy,11.8828125,10000.0
"The Met Police has referred itself to the police watchdog over the treatment of a woman arrested in Croydon, south London, after wrongly being accused of bus fare evasion",Met,19.78125,10000.0
The most-decorated living soldier in Australia is,Roberts,15.84375,10000.0
The former Italian Prime Minister was,Berlusconi,10.90625,10000.0
The accused in the murder case is,Anwar,7.8359375,2529.90618498386
Water companies in England,released,11.0,10000.0
The UK's first evacuation flight carrying British nationals from Sudan has landed in,Cyprus,0.00345611572265625,1.0034620949769477
The US President is,Biden,12.6796875,10000.0
The company behind Boots the Chemist is,Walgreens,22.625,10000.0
The government watchdog warns that the UK has lost its leadership on climate issues,CCC,14.0703125,10000.0
The Indian state of Manipur is experiencing,violence,6.49609375,662.5484915670792
The British swimming champion mentioned his mental health issues,Peaty,18.390625,10000.0
The CBI's new director general said the result was an,important,5.26171875,192.81260332830294
The co-founder of DeepMind is,Suleyman,9.9140625,10000.0
A man is accused of shooting a nine-year-old girl and injuring her mother,Cashman,7.30859375,1493.07607396205
A man has been charged with stealing a famous pair of red slippers from a museum,Martin,30.71875,10000.0
Some students in Wales will not graduate,on,18.53125,10000.0
The impounded cars are being sent to Ukraine,Latvia,20.84375,10000.0
The attack happened at the Cantinho Bom Pastor kindergarten in Blumenau,Blumenau,16.25,10000.0
A man has died a week after getting stuck inside an indoor caving experience at a Lake District climbing centre,O'Keeffe,21.625,10000.0
Firefighters are tackling a wildfire,Crews,16.015625,10000.0
A teenage boy has been found dead in the River Eden in Carlisle,Eden,14.3046875,10000.0
The chief executive of NBCUniversal has resigned,Shell,16.765625,10000.0
The US Treasury has indicated that the country could run out of money to pay all its bills by,Monday,10.4375,10000.0
The Duchess of York underwent a single mastectomy,mastectomy,18.25,10000.0
The family of the murdered private detective has reached a settlement with the Met Police,Morgan,23.75,10000.0
The M23 rebels are,withdrawing,12.3359375,10000.0
The Prince and Princess of Wales visited,Wales,6.1015625,446.5549673918236
The teacher who helped students escape during the Aberfan disaster died,Williams,16.546875,10000.0
The TV series Blade Runner 2099 is based on,Blade,6.5078125,670.3584035283843
Twitter's owner has announced temporary limits on the number of tweets users can read in a day,Musk,26.75,10000.0
The former SNP chief executive has been released without charge by the police,Murrell,24.296875,10000.0
Wimbledon,Wimbledon,5.86328125,351.87684773779097
Chris and Mirryn Morris took this photo of some,butterflies,7.59765625,1993.518107398756
The government is discussing plans for supermarkets to introduce a cap on the price of basic food items to help tackle the rising cost of living.,cap,44.96875,10000.0
The housing estate where Nahel lived is,Picasso,25.1875,10000.0
The government's National Disability Strategy was,deemed,5.01953125,151.3403463773431
The number of fatal accidents involving farm machinery in Northern Ireland,53,11.4609375,10000.0
The family of a murder victim whose body has never been found has revealed how a charity set up in memory of sales executive Moira Jones has helped them come to terms with their loss,Moira,28.34375,10000.0
Turkish voters are faced with a momentous choice which will affect their country's political and economic future,Erdogan,32.6875,10000.0
"The 7.4 magnitude earthquake in Taiwan occurred near the eastern county of Hualien,",Taiwan,5.69140625,296.31001375229687
Australia's victory in the Ashes Test,Test,15.65625,10000.0
Michael Tsifidaris said,prayer,14.015625,10000.0
The Nottingham attacks victims,attacks,11.34375,10000.0
The woman who was prosecuted for failing to declare her minimum wage job while caring for her mother is,Groom,20.265625,10000.0
"Chrissy Teigen, a singer and TV personality, has welcomed her fourth child with John Legend",Teigen,31.5625,10000.0
The manager of Chelsea is,Hayes,16.0625,10000.0
The nurse accused of murdering babies on a neonatal ward is,Letby,10.8203125,10000.0
The coronation of King Charles will be attended by,military,8.3828125,4371.285895201858
The health of the top Chechen commander is,Delimkhanov,17.359375,10000.0
The European Parliament has taken two years to come up with a definition of an AI system,European,21.796875,10000.0
The weather warning is in place until,10:00,0.74755859375,2.1118378635612967
The Silicon Valley pioneer and philanthropist who died aged 94 in Hawaii is,Moore,23.65625,10000.0
Gary Lineker will return to present Match of the Day,Lineker,14.9140625,10000.0
The entrepreneur who wanted to be the first person to reach Mars was,Rush,9.6328125,10000.0
The Deputy First Minister of Scotland is,Swinney,14.46875,10000.0
A hospital fire in Beijing has resulted in,deaths,5.58984375,267.6937892911538
The daughter of a close ally of Russia's President Vladimir Putin was killed in a suspected car bombing,Dugina,17.09375,10000.0
Manchester City striker Erling Haaland has broken the record for most goals in a Premier League season,Haaland,17.21875,10000.0
The Commonwealth Games Federation is considering,hosting,8.0703125,3198.101079523691
The rate of price rises at UK supermarkets,inflation,14.1015625,10000.0
The surviving Hooded Men were,Hooded,8.8515625,6985.29497096595
The death of an elderly woman was caused by,police,6.0,403.4287934927351
The Marrams in Hemsby,Marrams,8.8125,6717.692523019596
The Economy Secretary of Scotland is,Neil,13.859375,10000.0
The BBC's Russia Editor is,Rosenberg,19.109375,10000.0
Mikaela Shiffrin became the greatest Alpine skier of all time with her 87th World Cup win,Shiffrin,11.859375,10000.0
The Red Bull driver led a one-two in qualifying at the Japanese Grand Prix,Verstappen,10.953125,10000.0
The Dutch Prime Minister has been holding talks to save his coalition,Rutte,19.828125,10000.0
The coach driver who described the situation is,Jones,17.40625,10000.0
The last member of the armed gang responsible for the murder of PC Sharon Beshenivsky has been found guilty,Piran,21.21875,10000.0
Cole Palmer scored twice deep into stoppage time to complete his hat-trick and earn Chelsea a remarkable win against Manchester United,Palmer,12.25,10000.0
The police force responsible for Greater Manchester is,GMP,15.6328125,10000.0
Wildcat Haven has written to North Wales Police,Haven,9.1015625,8969.296285781338
Ross Burns took pictures of his son's toy cars,cars,12.421875,10000.0
Ukraine's President has denied,Zelensky,13.109375,10000.0
The oil and gas company has had some of its adverts banned for misleading claims about how clean its overall energy production is,Shell,18.125,10000.0
Canadian film-maker Sarah Polley won the Best Adapted Screenplay award for,Women,13.203125,10000.0
The outgoing Prime Minister of Finland is,Marin,7.31640625,1504.7864147467562
Lewis Capaldi had to rely on the crowd to finish his performance at Glastonbury,Capaldi,12.7421875,10000.0
Ukraine's military accused Russian forces of blowing up a major dam in the Moscow-seized region of Kherson,dam,24.1875,10000.0
England's former chief medical officer was,Dame,11.65625,10000.0
The man who killed Olivia was,Cashman,10.03125,10000.0
The England rugby player has retired from international rugby,Cornborough,14.125,10000.0
The government first promised guidance for schools in relation to transgender pupils,transgender,24.0625,10000.0
"The former Arsenal, Real Madrid and Germany midfielder has retired from football at the age of 34",Ozil,13.953125,10000.0
The co-host of Eurovision is,Dixon,7.36328125,1577.0026226114692
The Health Secretary of England has announced a pay rise for NHS staff,Barclay,16.953125,10000.0
The former world boxing champion was robbed at gunpoint,Khan,23.40625,10000.0
The actress who played Eunice Gee and Brigid McKenna in UK soap operas is,Johnson,15.375,10000.0
Dame Vivienne Westwood was an iconic,fashion,4.2265625,68.48142221881122
The head coach of Plymouth Argyle has been sacked,Foster,9.8828125,10000.0
The former England football captain has,Lineker,15.796875,10000.0
The Conservative MP who apologised for attending an event in Parliament while Covid restrictions were in place is,Crosbie,11.2109375,10000.0
Pope Francis is,Francis,16.0625,10000.0
"A car crashed into a primary school building in Wimbledon, south-west London",car,16.8125,10000.0
The 24-year-old gunman who killed 23 people at a Walmart in 2019 has been sentenced to,90,5.41796875,225.42077120508256
Police cars were parked outside a temporary housing unit in Sidegate Lane on Friday,Sidegate,18.109375,10000.0
At least 29 people have been killed and one injured in a fire in a nightclub in Turkey,Turkey,17.625,10000.0
Holly Willoughby has said she feels,shaken,10.65625,10000.0
A deadly fire at a school dormitory in Guyana was started by a pupil,pupil,16.515625,10000.0
Margaret Barnes died after being attacked,attacked,17.453125,10000.0
The current President of Turkey is,Erdogan,6.93359375,1026.1751780534337
A woman survived a mass shooting by hiding in a bank vault in Kentucky,woman,17.0625,10000.0
The Ukrainian official posted drone footage showing,debris,6.71875,827.7821368360857
Pop star Paul Heaton is supporting four pubs in Warrington,Heaton,9.40625,10000.0
The former US President is,Trump,10.2109375,10000.0
A woman who was struck by a police motorcycle while visiting London has died,Holland,25.4375,10000.0
The investigation into the prime minister by the parliamentary commissioner for standards is,a,4.296875,73.46984133199462
Fatoumatta Hydara died with her daughters,daughters,16.3125,10000.0
The Florida Supreme Court has,upheld,7.90625,2714.193134040063
The recipient of the Queen's Gallantry Medal for using a narwhal tusk to fend off an attacker is,Darryn,8.9921875,8040.025228168563
Germany's labour market,has,0.109375,1.1155806146424807
King Charles III is,III,19.546875,10000.0
"China's peace plan for Ukraine could be used as a basis to end the war, Vladimir Putin has said.",Putin,17.34375,10000.0
The city where Maksym was killed is,Bakhmut,4.15625,63.83170433047907
"The BBC Singers, a choir of 20 musicians, had been due to close in July",Singers,14.4921875,10000.0
"The man who spent £25,000 kept the sign in place",Whitehead,15.6953125,10000.0
The Menai suspension bridge was closed,at,4.25,70.10541234668786
The founder of World Central Kitchen is,Andrés,20.46875,10000.0
The UK government has announced that residents on an island off the west coast of Shetland's mainland will get a high-speed broadband link from space,Papa,34.375,10000.0
Two mounted police officers pursued a man for holding his mobile phone while driving,mounted,16.609375,10000.0
The tennis player who won his Wimbledon title defence is,Djokovic,7.83203125,2520.0430154933433
The environmental group Just Stop Oil has,said,13.90625,10000.0
The Taiwanese Prime Minister is,Mitsotakis,10.1484375,10000.0
"Daniel Allen, whose address is given as Molly Road, Enniskillen, is charged with",murder,1.548828125,4.7059521623170095
China is pressuring Uyghurs living abroad,Uyghurs,31.078125,10000.0
The privately owned companies in England have announced plans to spend £10bn on,tackling,12.0390625,10000.0
The Swansea West MP was suspended by the Labour Party,Davies,21.734375,10000.0
The man who murdered nine-year-old Olivia Pratt-Korbel has been jailed for life and ordered to serve a minimum of 42 years in prison.,Cashman,10.2421875,10000.0
A woman was charged with causing death by driving while over the alcohol limit,Mahoney,20.9375,10000.0
The West Bromwich Albion player who scored the equalizer is,Thomas-Asante,13.8828125,10000.0
UFC fighter Conor McGregor has been accused of,sexually,4.50390625,90.36944839098756
A man has been charged with murdering a married couple found dead at their seaside home,D'Wit,14.2109375,10000.0
Prosecutors have begun piecing together what happened before the fatal shooting of 17-year-old Nahel M by a police officer,M,17.421875,10000.0
Seven protesters were arrested,arrested,19.75,10000.0
The latest version of the popular AI chatbot is,GPT-4,8.40625,4474.947952880096
The environmental protest group Just Stop Oil has targeted,Oil,9.53125,10000.0
The BBC's regional TV bulletins and local radio and online output in England are being disrupted by a 24-hour strike,strike,23.453125,10000.0
The senior security official of Ukraine is,Danilov,12.7265625,10000.0
The NHS faced one of its most bitter disputes,dispute,20.40625,10000.0
The Scout Association has,apologised,4.4609375,86.56862915519338
The Prime Minister of Israel is,Netanyahu,7.7578125,2339.7807327306596
The leader of the council is,Smith,9.671875,10000.0
King Charles III received the crown and sceptre which form part of the Honours of Scotland,Mitsotakis,13.7734375,10000.0
"Police were called to Priory Road, Dartford",Dartford,10.703125,10000.0
The government plans to make it more difficult for children to illegally buy e-cigarettes in England,e-cigarettes,12.1484375,10000.0
A video filmed on a phone shows the moment a driver in Spain lost control of their car,Spain,31.734375,10000.0
